{"cameraMode":{"drawMode":0,"name":"Shaded","section":"Shading Mode"},"sceneLighting":true,"audioPlay":false,"sceneViewState":{"showFog":true,"showMaterialUpdate":false,"showSkybox":false,"showFlares":true,"showImageEffects":true,"showParticleSystems":true},"in2DMode":false,"pivot":{"x":121.77840423583985,"y":17.948680877685548,"z":-10.679946899414063},"rotation":{"x":-0.15535642206668855,"y":0.013328027911484242,"z":-0.002080752281472087,"w":-0.9877764582633972},"size":9.732207298278809,"orthographic":false}